--
-- PostgreSQL database dump
--

-- Dumped from database version 13.9 (Debian 13.9-0+deb11u1)
-- Dumped by pg_dump version 13.9 (Debian 13.9-0+deb11u1)

SET statement_timeout = 0;
SET lock_timeout = 0;
SET idle_in_transaction_session_timeout = 0;
SET client_encoding = 'UTF8';
SET standard_conforming_strings = on;
SELECT pg_catalog.set_config('search_path', '', false);
SET check_function_bodies = false;
SET xmloption = content;
SET client_min_messages = warning;
SET row_security = off;

SET default_tablespace = '';

SET default_table_access_method = heap;

--
-- Name: account_emailaddress; Type: TABLE; Schema: public; Owner: bishal
--

CREATE TABLE public.account_emailaddress (
    id integer NOT NULL,
    email character varying(254) NOT NULL,
    verified boolean NOT NULL,
    "primary" boolean NOT NULL,
    user_id integer NOT NULL
);


ALTER TABLE public.account_emailaddress OWNER TO bishal;

--
-- Name: account_emailaddress_id_seq; Type: SEQUENCE; Schema: public; Owner: bishal
--

ALTER TABLE public.account_emailaddress ALTER COLUMN id ADD GENERATED BY DEFAULT AS IDENTITY (
    SEQUENCE NAME public.account_emailaddress_id_seq
    START WITH 1
    INCREMENT BY 1
    NO MINVALUE
    NO MAXVALUE
    CACHE 1
);


--
-- Name: account_emailconfirmation; Type: TABLE; Schema: public; Owner: bishal
--

CREATE TABLE public.account_emailconfirmation (
    id integer NOT NULL,
    created timestamp with time zone NOT NULL,
    sent timestamp with time zone,
    key character varying(64) NOT NULL,
    email_address_id integer NOT NULL
);


ALTER TABLE public.account_emailconfirmation OWNER TO bishal;

--
-- Name: account_emailconfirmation_id_seq; Type: SEQUENCE; Schema: public; Owner: bishal
--

ALTER TABLE public.account_emailconfirmation ALTER COLUMN id ADD GENERATED BY DEFAULT AS IDENTITY (
    SEQUENCE NAME public.account_emailconfirmation_id_seq
    START WITH 1
    INCREMENT BY 1
    NO MINVALUE
    NO MAXVALUE
    CACHE 1
);


--
-- Name: auth_group; Type: TABLE; Schema: public; Owner: bishal
--

CREATE TABLE public.auth_group (
    id integer NOT NULL,
    name character varying(150) NOT NULL
);


ALTER TABLE public.auth_group OWNER TO bishal;

--
-- Name: auth_group_id_seq; Type: SEQUENCE; Schema: public; Owner: bishal
--

ALTER TABLE public.auth_group ALTER COLUMN id ADD GENERATED BY DEFAULT AS IDENTITY (
    SEQUENCE NAME public.auth_group_id_seq
    START WITH 1
    INCREMENT BY 1
    NO MINVALUE
    NO MAXVALUE
    CACHE 1
);


--
-- Name: auth_group_permissions; Type: TABLE; Schema: public; Owner: bishal
--

CREATE TABLE public.auth_group_permissions (
    id bigint NOT NULL,
    group_id integer NOT NULL,
    permission_id integer NOT NULL
);


ALTER TABLE public.auth_group_permissions OWNER TO bishal;

--
-- Name: auth_group_permissions_id_seq; Type: SEQUENCE; Schema: public; Owner: bishal
--

ALTER TABLE public.auth_group_permissions ALTER COLUMN id ADD GENERATED BY DEFAULT AS IDENTITY (
    SEQUENCE NAME public.auth_group_permissions_id_seq
    START WITH 1
    INCREMENT BY 1
    NO MINVALUE
    NO MAXVALUE
    CACHE 1
);


--
-- Name: auth_permission; Type: TABLE; Schema: public; Owner: bishal
--

CREATE TABLE public.auth_permission (
    id integer NOT NULL,
    name character varying(255) NOT NULL,
    content_type_id integer NOT NULL,
    codename character varying(100) NOT NULL
);


ALTER TABLE public.auth_permission OWNER TO bishal;

--
-- Name: auth_permission_id_seq; Type: SEQUENCE; Schema: public; Owner: bishal
--

ALTER TABLE public.auth_permission ALTER COLUMN id ADD GENERATED BY DEFAULT AS IDENTITY (
    SEQUENCE NAME public.auth_permission_id_seq
    START WITH 1
    INCREMENT BY 1
    NO MINVALUE
    NO MAXVALUE
    CACHE 1
);


--
-- Name: auth_user; Type: TABLE; Schema: public; Owner: bishal
--

CREATE TABLE public.auth_user (
    id integer NOT NULL,
    password character varying(128) NOT NULL,
    last_login timestamp with time zone,
    is_superuser boolean NOT NULL,
    username character varying(150) NOT NULL,
    first_name character varying(150) NOT NULL,
    last_name character varying(150) NOT NULL,
    email character varying(254) NOT NULL,
    is_staff boolean NOT NULL,
    is_active boolean NOT NULL,
    date_joined timestamp with time zone NOT NULL
);


ALTER TABLE public.auth_user OWNER TO bishal;

--
-- Name: auth_user_groups; Type: TABLE; Schema: public; Owner: bishal
--

CREATE TABLE public.auth_user_groups (
    id bigint NOT NULL,
    user_id integer NOT NULL,
    group_id integer NOT NULL
);


ALTER TABLE public.auth_user_groups OWNER TO bishal;

--
-- Name: auth_user_groups_id_seq; Type: SEQUENCE; Schema: public; Owner: bishal
--

ALTER TABLE public.auth_user_groups ALTER COLUMN id ADD GENERATED BY DEFAULT AS IDENTITY (
    SEQUENCE NAME public.auth_user_groups_id_seq
    START WITH 1
    INCREMENT BY 1
    NO MINVALUE
    NO MAXVALUE
    CACHE 1
);


--
-- Name: auth_user_id_seq; Type: SEQUENCE; Schema: public; Owner: bishal
--

ALTER TABLE public.auth_user ALTER COLUMN id ADD GENERATED BY DEFAULT AS IDENTITY (
    SEQUENCE NAME public.auth_user_id_seq
    START WITH 1
    INCREMENT BY 1
    NO MINVALUE
    NO MAXVALUE
    CACHE 1
);


--
-- Name: auth_user_user_permissions; Type: TABLE; Schema: public; Owner: bishal
--

CREATE TABLE public.auth_user_user_permissions (
    id bigint NOT NULL,
    user_id integer NOT NULL,
    permission_id integer NOT NULL
);


ALTER TABLE public.auth_user_user_permissions OWNER TO bishal;

--
-- Name: auth_user_user_permissions_id_seq; Type: SEQUENCE; Schema: public; Owner: bishal
--

ALTER TABLE public.auth_user_user_permissions ALTER COLUMN id ADD GENERATED BY DEFAULT AS IDENTITY (
    SEQUENCE NAME public.auth_user_user_permissions_id_seq
    START WITH 1
    INCREMENT BY 1
    NO MINVALUE
    NO MAXVALUE
    CACHE 1
);


--
-- Name: cars_car; Type: TABLE; Schema: public; Owner: bishal
--

CREATE TABLE public.cars_car (
    id bigint NOT NULL,
    car_title character varying(255) NOT NULL,
    state character varying(100) NOT NULL,
    city character varying(100) NOT NULL,
    color character varying(100) NOT NULL,
    model character varying(100) NOT NULL,
    year integer NOT NULL,
    condition character varying(100) NOT NULL,
    price integer NOT NULL,
    description text NOT NULL,
    car_photo character varying(100) NOT NULL,
    car_photo1 character varying(100) NOT NULL,
    car_photo2 character varying(100) NOT NULL,
    car_photo3 character varying(100) NOT NULL,
    car_photo4 character varying(100) NOT NULL,
    car_photo5 character varying(100) NOT NULL,
    features character varying(100) NOT NULL,
    engine character varying(100) NOT NULL,
    transmission character varying(100) NOT NULL,
    interior character varying(100) NOT NULL,
    miles integer NOT NULL,
    doors character varying(10) NOT NULL,
    passengers character varying(100) NOT NULL,
    vin_no character varying(100) NOT NULL,
    milage integer NOT NULL,
    fuel_type character varying(50) NOT NULL,
    no_of_owners integer NOT NULL,
    is_featured boolean NOT NULL,
    created_date timestamp with time zone NOT NULL
);


ALTER TABLE public.cars_car OWNER TO bishal;

--
-- Name: cars_car_id_seq; Type: SEQUENCE; Schema: public; Owner: bishal
--

ALTER TABLE public.cars_car ALTER COLUMN id ADD GENERATED BY DEFAULT AS IDENTITY (
    SEQUENCE NAME public.cars_car_id_seq
    START WITH 1
    INCREMENT BY 1
    NO MINVALUE
    NO MAXVALUE
    CACHE 1
);


--
-- Name: contact_contact; Type: TABLE; Schema: public; Owner: bishal
--

CREATE TABLE public.contact_contact (
    id bigint NOT NULL,
    first_name character varying(100) NOT NULL,
    last_name character varying(100) NOT NULL,
    car_id integer NOT NULL,
    customer_need character varying(100) NOT NULL,
    car_title character varying(100) NOT NULL,
    city character varying(100) NOT NULL,
    email character varying(100) NOT NULL,
    phone character varying(100) NOT NULL,
    message text NOT NULL,
    user_id integer NOT NULL,
    create_date timestamp with time zone NOT NULL,
    state character varying(100) NOT NULL
);


ALTER TABLE public.contact_contact OWNER TO bishal;

--
-- Name: contact_contact_id_seq; Type: SEQUENCE; Schema: public; Owner: bishal
--

ALTER TABLE public.contact_contact ALTER COLUMN id ADD GENERATED BY DEFAULT AS IDENTITY (
    SEQUENCE NAME public.contact_contact_id_seq
    START WITH 1
    INCREMENT BY 1
    NO MINVALUE
    NO MAXVALUE
    CACHE 1
);


--
-- Name: django_admin_log; Type: TABLE; Schema: public; Owner: bishal
--

CREATE TABLE public.django_admin_log (
    id integer NOT NULL,
    action_time timestamp with time zone NOT NULL,
    object_id text,
    object_repr character varying(200) NOT NULL,
    action_flag smallint NOT NULL,
    change_message text NOT NULL,
    content_type_id integer,
    user_id integer NOT NULL,
    CONSTRAINT django_admin_log_action_flag_check CHECK ((action_flag >= 0))
);


ALTER TABLE public.django_admin_log OWNER TO bishal;

--
-- Name: django_admin_log_id_seq; Type: SEQUENCE; Schema: public; Owner: bishal
--

ALTER TABLE public.django_admin_log ALTER COLUMN id ADD GENERATED BY DEFAULT AS IDENTITY (
    SEQUENCE NAME public.django_admin_log_id_seq
    START WITH 1
    INCREMENT BY 1
    NO MINVALUE
    NO MAXVALUE
    CACHE 1
);


--
-- Name: django_content_type; Type: TABLE; Schema: public; Owner: bishal
--

CREATE TABLE public.django_content_type (
    id integer NOT NULL,
    app_label character varying(100) NOT NULL,
    model character varying(100) NOT NULL
);


ALTER TABLE public.django_content_type OWNER TO bishal;

--
-- Name: django_content_type_id_seq; Type: SEQUENCE; Schema: public; Owner: bishal
--

ALTER TABLE public.django_content_type ALTER COLUMN id ADD GENERATED BY DEFAULT AS IDENTITY (
    SEQUENCE NAME public.django_content_type_id_seq
    START WITH 1
    INCREMENT BY 1
    NO MINVALUE
    NO MAXVALUE
    CACHE 1
);


--
-- Name: django_migrations; Type: TABLE; Schema: public; Owner: bishal
--

CREATE TABLE public.django_migrations (
    id bigint NOT NULL,
    app character varying(255) NOT NULL,
    name character varying(255) NOT NULL,
    applied timestamp with time zone NOT NULL
);


ALTER TABLE public.django_migrations OWNER TO bishal;

--
-- Name: django_migrations_id_seq; Type: SEQUENCE; Schema: public; Owner: bishal
--

ALTER TABLE public.django_migrations ALTER COLUMN id ADD GENERATED BY DEFAULT AS IDENTITY (
    SEQUENCE NAME public.django_migrations_id_seq
    START WITH 1
    INCREMENT BY 1
    NO MINVALUE
    NO MAXVALUE
    CACHE 1
);


--
-- Name: django_session; Type: TABLE; Schema: public; Owner: bishal
--

CREATE TABLE public.django_session (
    session_key character varying(40) NOT NULL,
    session_data text NOT NULL,
    expire_date timestamp with time zone NOT NULL
);


ALTER TABLE public.django_session OWNER TO bishal;

--
-- Name: django_site; Type: TABLE; Schema: public; Owner: bishal
--

CREATE TABLE public.django_site (
    id integer NOT NULL,
    domain character varying(100) NOT NULL,
    name character varying(50) NOT NULL
);


ALTER TABLE public.django_site OWNER TO bishal;

--
-- Name: django_site_id_seq; Type: SEQUENCE; Schema: public; Owner: bishal
--

ALTER TABLE public.django_site ALTER COLUMN id ADD GENERATED BY DEFAULT AS IDENTITY (
    SEQUENCE NAME public.django_site_id_seq
    START WITH 1
    INCREMENT BY 1
    NO MINVALUE
    NO MAXVALUE
    CACHE 1
);


--
-- Name: pages_team; Type: TABLE; Schema: public; Owner: bishal
--

CREATE TABLE public.pages_team (
    id bigint NOT NULL,
    first_name character varying(255) NOT NULL,
    last_name character varying(255) NOT NULL,
    desgination character varying(255) NOT NULL,
    photo character varying(100) NOT NULL,
    facebook_link character varying(255) NOT NULL,
    twitter_link character varying(100) NOT NULL,
    google_plus_link character varying(100) NOT NULL,
    created_date timestamp with time zone NOT NULL
);


ALTER TABLE public.pages_team OWNER TO bishal;

--
-- Name: pages_teams_id_seq; Type: SEQUENCE; Schema: public; Owner: bishal
--

ALTER TABLE public.pages_team ALTER COLUMN id ADD GENERATED BY DEFAULT AS IDENTITY (
    SEQUENCE NAME public.pages_teams_id_seq
    START WITH 1
    INCREMENT BY 1
    NO MINVALUE
    NO MAXVALUE
    CACHE 1
);


--
-- Name: socialaccount_socialaccount; Type: TABLE; Schema: public; Owner: bishal
--

CREATE TABLE public.socialaccount_socialaccount (
    id integer NOT NULL,
    provider character varying(30) NOT NULL,
    uid character varying(191) NOT NULL,
    last_login timestamp with time zone NOT NULL,
    date_joined timestamp with time zone NOT NULL,
    extra_data text NOT NULL,
    user_id integer NOT NULL
);


ALTER TABLE public.socialaccount_socialaccount OWNER TO bishal;

--
-- Name: socialaccount_socialaccount_id_seq; Type: SEQUENCE; Schema: public; Owner: bishal
--

ALTER TABLE public.socialaccount_socialaccount ALTER COLUMN id ADD GENERATED BY DEFAULT AS IDENTITY (
    SEQUENCE NAME public.socialaccount_socialaccount_id_seq
    START WITH 1
    INCREMENT BY 1
    NO MINVALUE
    NO MAXVALUE
    CACHE 1
);


--
-- Name: socialaccount_socialapp; Type: TABLE; Schema: public; Owner: bishal
--

CREATE TABLE public.socialaccount_socialapp (
    id integer NOT NULL,
    provider character varying(30) NOT NULL,
    name character varying(40) NOT NULL,
    client_id character varying(191) NOT NULL,
    secret character varying(191) NOT NULL,
    key character varying(191) NOT NULL
);


ALTER TABLE public.socialaccount_socialapp OWNER TO bishal;

--
-- Name: socialaccount_socialapp_id_seq; Type: SEQUENCE; Schema: public; Owner: bishal
--

ALTER TABLE public.socialaccount_socialapp ALTER COLUMN id ADD GENERATED BY DEFAULT AS IDENTITY (
    SEQUENCE NAME public.socialaccount_socialapp_id_seq
    START WITH 1
    INCREMENT BY 1
    NO MINVALUE
    NO MAXVALUE
    CACHE 1
);


--
-- Name: socialaccount_socialapp_sites; Type: TABLE; Schema: public; Owner: bishal
--

CREATE TABLE public.socialaccount_socialapp_sites (
    id bigint NOT NULL,
    socialapp_id integer NOT NULL,
    site_id integer NOT NULL
);


ALTER TABLE public.socialaccount_socialapp_sites OWNER TO bishal;

--
-- Name: socialaccount_socialapp_sites_id_seq; Type: SEQUENCE; Schema: public; Owner: bishal
--

ALTER TABLE public.socialaccount_socialapp_sites ALTER COLUMN id ADD GENERATED BY DEFAULT AS IDENTITY (
    SEQUENCE NAME public.socialaccount_socialapp_sites_id_seq
    START WITH 1
    INCREMENT BY 1
    NO MINVALUE
    NO MAXVALUE
    CACHE 1
);


--
-- Name: socialaccount_socialtoken; Type: TABLE; Schema: public; Owner: bishal
--

CREATE TABLE public.socialaccount_socialtoken (
    id integer NOT NULL,
    token text NOT NULL,
    token_secret text NOT NULL,
    expires_at timestamp with time zone,
    account_id integer NOT NULL,
    app_id integer NOT NULL
);


ALTER TABLE public.socialaccount_socialtoken OWNER TO bishal;

--
-- Name: socialaccount_socialtoken_id_seq; Type: SEQUENCE; Schema: public; Owner: bishal
--

ALTER TABLE public.socialaccount_socialtoken ALTER COLUMN id ADD GENERATED BY DEFAULT AS IDENTITY (
    SEQUENCE NAME public.socialaccount_socialtoken_id_seq
    START WITH 1
    INCREMENT BY 1
    NO MINVALUE
    NO MAXVALUE
    CACHE 1
);


--
-- Data for Name: account_emailaddress; Type: TABLE DATA; Schema: public; Owner: bishal
--

COPY public.account_emailaddress (id, email, verified, "primary", user_id) FROM stdin;
\.


--
-- Data for Name: account_emailconfirmation; Type: TABLE DATA; Schema: public; Owner: bishal
--

COPY public.account_emailconfirmation (id, created, sent, key, email_address_id) FROM stdin;
\.


--
-- Data for Name: auth_group; Type: TABLE DATA; Schema: public; Owner: bishal
--

COPY public.auth_group (id, name) FROM stdin;
\.


--
-- Data for Name: auth_group_permissions; Type: TABLE DATA; Schema: public; Owner: bishal
--

COPY public.auth_group_permissions (id, group_id, permission_id) FROM stdin;
\.


--
-- Data for Name: auth_permission; Type: TABLE DATA; Schema: public; Owner: bishal
--

COPY public.auth_permission (id, name, content_type_id, codename) FROM stdin;
1	Can add log entry	1	add_logentry
2	Can change log entry	1	change_logentry
3	Can delete log entry	1	delete_logentry
4	Can view log entry	1	view_logentry
5	Can add permission	2	add_permission
6	Can change permission	2	change_permission
7	Can delete permission	2	delete_permission
8	Can view permission	2	view_permission
9	Can add group	3	add_group
10	Can change group	3	change_group
11	Can delete group	3	delete_group
12	Can view group	3	view_group
13	Can add user	4	add_user
14	Can change user	4	change_user
15	Can delete user	4	delete_user
16	Can view user	4	view_user
17	Can add content type	5	add_contenttype
18	Can change content type	5	change_contenttype
19	Can delete content type	5	delete_contenttype
20	Can view content type	5	view_contenttype
21	Can add session	6	add_session
22	Can change session	6	change_session
23	Can delete session	6	delete_session
24	Can view session	6	view_session
25	Can add teams	7	add_teams
26	Can change teams	7	change_teams
27	Can delete teams	7	delete_teams
28	Can view teams	7	view_teams
29	Can add team	7	add_team
30	Can change team	7	change_team
31	Can delete team	7	delete_team
32	Can view team	7	view_team
33	Can add car	8	add_car
34	Can change car	8	change_car
35	Can delete car	8	delete_car
36	Can view car	8	view_car
37	Can add site	9	add_site
38	Can change site	9	change_site
39	Can delete site	9	delete_site
40	Can view site	9	view_site
41	Can add email address	10	add_emailaddress
42	Can change email address	10	change_emailaddress
43	Can delete email address	10	delete_emailaddress
44	Can view email address	10	view_emailaddress
45	Can add email confirmation	11	add_emailconfirmation
46	Can change email confirmation	11	change_emailconfirmation
47	Can delete email confirmation	11	delete_emailconfirmation
48	Can view email confirmation	11	view_emailconfirmation
49	Can add social account	12	add_socialaccount
50	Can change social account	12	change_socialaccount
51	Can delete social account	12	delete_socialaccount
52	Can view social account	12	view_socialaccount
53	Can add social application	13	add_socialapp
54	Can change social application	13	change_socialapp
55	Can delete social application	13	delete_socialapp
56	Can view social application	13	view_socialapp
57	Can add social application token	14	add_socialtoken
58	Can change social application token	14	change_socialtoken
59	Can delete social application token	14	delete_socialtoken
60	Can view social application token	14	view_socialtoken
61	Can add contact	15	add_contact
62	Can change contact	15	change_contact
63	Can delete contact	15	delete_contact
64	Can view contact	15	view_contact
\.


--
-- Data for Name: auth_user; Type: TABLE DATA; Schema: public; Owner: bishal
--

COPY public.auth_user (id, password, last_login, is_superuser, username, first_name, last_name, email, is_staff, is_active, date_joined) FROM stdin;
4	!MHALoU5JFdN0ju9avL6CjfSeUgCjqknyWSjJnGAw	2023-03-23 13:35:35+05:45	f	bishal19	Bishal	Murmu		f	t	2023-03-23 13:21:49+05:45
3	!l1Om7bu21VJnILeJbgJjAxj6j2IqWpAlCIY2xL8j	2023-03-23 22:20:02.673519+05:45	f	bishal8	Bishal	Murmu		f	t	2023-03-23 12:41:10.403144+05:45
2	pbkdf2_sha256$390000$wgFSAAeP6kKoQ9PZ2Qpy8p$cbal2ciZevi3QXy+trR8cubhOuYc8GFBjvW7RDOkziw=	2023-03-24 08:54:13.975229+05:45	f	joe	joe	murmu	murmuu56@gmail.com	f	t	2023-03-23 10:09:35.12122+05:45
1	pbkdf2_sha256$390000$ifLxp0T9ShA47mfViQ5TQz$wHhGKS2PgfX4EdlzDvwIcDhT3Q4uZwb86SYESomtv0U=	2023-03-25 10:59:20.515697+05:45	t	bishal	bishal	murmu	bishalmurmu150@gmail.com	t	t	2023-03-15 18:25:02+05:45
\.


--
-- Data for Name: auth_user_groups; Type: TABLE DATA; Schema: public; Owner: bishal
--

COPY public.auth_user_groups (id, user_id, group_id) FROM stdin;
\.


--
-- Data for Name: auth_user_user_permissions; Type: TABLE DATA; Schema: public; Owner: bishal
--

COPY public.auth_user_user_permissions (id, user_id, permission_id) FROM stdin;
\.


--
-- Data for Name: cars_car; Type: TABLE DATA; Schema: public; Owner: bishal
--

COPY public.cars_car (id, car_title, state, city, color, model, year, condition, price, description, car_photo, car_photo1, car_photo2, car_photo3, car_photo4, car_photo5, features, engine, transmission, interior, miles, doors, passengers, vin_no, milage, fuel_type, no_of_owners, is_featured, created_date) FROM stdin;
1	2017 Ferrari 488 GTB	CO	texas	white	88 GTB	2016	USED	4000000	<p>Automobiles are marketed under the brands BMW,&nbsp;<a href="https://en.wikipedia.org/wiki/Mini_(marque)" title="Mini (marque)">Mini</a>&nbsp;and&nbsp;<a href="https://en.wikipedia.org/wiki/Rolls-Royce_Motor_Cars" title="Rolls-Royce Motor Cars">Rolls-Royce</a>, and motorcycles are marketed under the brand&nbsp;<a href="https://en.wikipedia.org/wiki/BMW_Motorrad" title="BMW Motorrad">BMW Motorrad</a>. In 2017, BMW was the world&#39;s&nbsp;<a href="https://en.wikipedia.org/wiki/List_of_manufacturers_by_motor_vehicle_production" title="List of manufacturers by motor vehicle production">fourteenth-largest producer of motor vehicles</a>, with 2,279,503 vehicles produced.</p>	photos/23/03/22/1894300894.jpg	photos/23/03/22/1901478607.jpg	photos/23/03/22/1902536891.jpg	photos/23/03/22/1902537043.jpg	photos/23/03/22/1902537077.jpg	photos/23/03/22/1902537082.jpg	Cruise Control,ParkAssist,Reversing Camera,Bluetooth Handset	3.3 upadated furious 3T	Automatic	grey	30000	4	6	rtyuiopf	8	petrol	1	t	2023-03-22 10:02:17+05:45
2	2017 Ford Edge	IL	Florida	Black	2017 model	2019	New	10000000	<p><strong>Bayerische Motoren Werke AG</strong>, abbreviated as&nbsp;<strong>BMW</strong>&nbsp;(<small>German pronunciation:&nbsp;</small><a href="https://en.wikipedia.org/wiki/Help:IPA/Standard_German" title="Help:IPA/Standard German">[ˌbeːʔɛmˈveː]</a>&nbsp;(<a href="https://en.wikipedia.org/wiki/File:De-BMW.ogg" title="About this sound"><img alt="" src="https://upload.wikimedia.org/wikipedia/commons/thumb/8/8a/Loudspeaker.svg/11px-Loudspeaker.svg.png" style="height:11px; width:11px" /></a><a href="https://upload.wikimedia.org/wikipedia/commons/8/86/De-BMW.ogg" title="De-BMW.ogg">listen</a>)), is a German multinational manufacturer of&nbsp;<a href="https://en.wikipedia.org/wiki/Luxury_vehicle" title="Luxury vehicle">luxury vehicles</a>&nbsp;and&nbsp;<a href="https://en.wikipedia.org/wiki/Motorcycle" title="Motorcycle">motorcycles</a>&nbsp;headquartered in&nbsp;<a href="https://en.wikipedia.org/wiki/Munich" title="Munich">Munich</a>,&nbsp;<a href="https://en.wikipedia.org/wiki/Bavaria" title="Bavaria">Bavaria</a>. The corporation was founded in 1916 as a manufacturer of&nbsp;<a href="https://en.wikipedia.org/wiki/Aircraft_engine" title="Aircraft engine">aircraft engines</a>, which it produced from 1917 until 1918 and again from 1933 to 1945.</p>	photos/23/03/22/1901478607_Be6V0HZ.jpg	photos/23/03/22/1901478618.jpg	photos/23/03/22/1901478646.jpg	photos/23/03/22/1901478646_iurTKzo.jpg	photos/23/03/22/1901478672.jpg	photos/23/03/22/1901478687.jpg	Cruise Control,Air Conditioning,Alarm System,Direct Fuel Injection,Auto Start/Stop	3.4 mid engine v7	Automatic	white	0	4	6	abcd098	8	petrol	1	t	2023-03-22 10:15:46+05:45
3	2017 Ford F-250 Super Duty	AZ	lowa	black	2020 model	2023	New	100000	<p><strong>Bayerische Motoren Werke AG</strong>, abbreviated as&nbsp;<strong>BMW</strong>&nbsp;(<small>German pronunciation:&nbsp;</small><a href="https://en.wikipedia.org/wiki/Help:IPA/Standard_German" title="Help:IPA/Standard German">[ˌbeːʔɛmˈveː]</a>&nbsp;(<a href="https://en.wikipedia.org/wiki/File:De-BMW.ogg" title="About this sound"><img alt="" src="https://upload.wikimedia.org/wikipedia/commons/thumb/8/8a/Loudspeaker.svg/11px-Loudspeaker.svg.png" style="height:11px; width:11px" /></a><a href="https://upload.wikimedia.org/wikipedia/commons/8/86/De-BMW.ogg" title="De-BMW.ogg">listen</a>)), is a German multinational manufacturer of&nbsp;<a href="https://en.wikipedia.org/wiki/Luxury_vehicle" title="Luxury vehicle">luxury vehicles</a>&nbsp;and&nbsp;<a href="https://en.wikipedia.org/wiki/Motorcycle" title="Motorcycle">motorcycles</a>&nbsp;headquartered in&nbsp;<a href="https://en.wikipedia.org/wiki/Munich" title="Munich">Munich</a>,&nbsp;<a href="https://en.wikipedia.org/wiki/Bavaria" title="Bavaria">Bavaria</a>. The corporation was founded in 1916 as a manufacturer of&nbsp;<a href="https://en.wikipedia.org/wiki/Aircraft_engine" title="Aircraft engine">aircraft engines</a>, which it produced from 1917 until 1918 and again from 1933 to 1945.</p>	photos/23/03/22/1894300894_16fv9xX.jpg	photos/23/03/22/1894300905.jpg	photos/23/03/22/1894300920.jpg	photos/23/03/22/1894300920_0ZMUlGc.jpg	photos/23/03/22/1900155012.jpg	photos/23/03/22/1900155133.jpg	Cruise Control,Audio Interface,Airbags,Air Conditioning,Reversing Camera	3.3 upadated furious 3T	Automatic	white	0	4	8	abcd098	22	petrol	1	t	2023-03-22 10:21:53+05:45
4	2017 Jaguar F-PACE	CA	california	black	2022 model	2023	New	1000000	<p><strong>Bayerische Motoren Werke AG</strong>, abbreviated as&nbsp;<strong>BMW</strong>&nbsp;(<small>German pronunciation:&nbsp;</small><a href="https://en.wikipedia.org/wiki/Help:IPA/Standard_German" title="Help:IPA/Standard German">[ˌbeːʔɛmˈveː]</a>&nbsp;(<a href="https://en.wikipedia.org/wiki/File:De-BMW.ogg" title="About this sound"><img alt="" src="https://upload.wikimedia.org/wikipedia/commons/thumb/8/8a/Loudspeaker.svg/11px-Loudspeaker.svg.png" style="height:11px; width:11px" /></a><a href="https://upload.wikimedia.org/wikipedia/commons/8/86/De-BMW.ogg" title="De-BMW.ogg">listen</a>)), is a German multinational manufacturer of&nbsp;<a href="https://en.wikipedia.org/wiki/Luxury_vehicle" title="Luxury vehicle">luxury vehicles</a>&nbsp;and&nbsp;<a href="https://en.wikipedia.org/wiki/Motorcycle" title="Motorcycle">motorcycles</a>&nbsp;headquartered in&nbsp;<a href="https://en.wikipedia.org/wiki/Munich" title="Munich">Munich</a>,&nbsp;<a href="https://en.wikipedia.org/wiki/Bavaria" title="Bavaria">Bavaria</a>. The corporation was founded in 1916 as a manufacturer of&nbsp;<a href="https://en.wikipedia.org/wiki/Aircraft_engine" title="Aircraft engine">aircraft engines</a>, which it produced from 1917 until 1918 and again from 1933 to 1945.</p>	photos/23/03/22/1902932503.jpg	photos/23/03/22/1902932514.jpg	photos/23/03/22/1902932542.jpg	photos/23/03/22/1902932528.jpg	photos/23/03/22/1902932503_G9hPON2.jpg	photos/23/03/22/1902932542_pATh9Lx.jpg	Cruise Control,Alarm System,ParkAssist,Auto Start/Stop,Wind Deflector	3.4 mid engine v7	Automatic	white	0	4	8	abcd098	22	petrol	1	t	2023-03-22 10:25:48+05:45
5	2018 Toyota 4Runner	IA	lowa	black	88 GTB	2018	New	100000	<p>When traveling around the more rural prefectures of Japan bike is our preferred mode of transportation. That said, for the non-cyclists amongst us, or those trying to optimize their bike time on tour and off bike time afterwards renting a car can be a great way to see tons of awesome places in Japan well off the beaten path of the infamous train lines.While there are many rental car companies in Japan, we at Bike Tour Japan recommend Toyota Rental Car to our guests above most all other for a few reasons.</p>	photos/23/03/22/1893633875.jpg	photos/23/03/22/1893633879.jpg	photos/23/03/22/1893633884.jpg	photos/23/03/22/1896836883.jpg	photos/23/03/22/1900155012_kGSnBZC.jpg	photos/23/03/22/1902932542_8PHCfUi.jpg	Cruise Control,Air Conditioning,ParkAssist,Power Steering,Reversing Camera,Bluetooth Handset	3.3 upadated furious 3T	Automatic	white	0	4	6	abcd098	45	petrol	1	t	2023-03-22 10:29:20+05:45
\.


--
-- Data for Name: contact_contact; Type: TABLE DATA; Schema: public; Owner: bishal
--

COPY public.contact_contact (id, first_name, last_name, car_id, customer_need, car_title, city, email, phone, message, user_id, create_date, state) FROM stdin;
1	bishal	uma	2	I'd like to know your best price for this	2017 Ford Edge	lowa	bishu@gmail.com	9817093000	text	1	2023-03-23 20:28:59+05:45	mechi
4	bishal	murmu	5	I'm interested in this	2018 Toyota 4Runner	lowa	bishalmurmu150@gmail.com	0987663	te	1	2023-03-23 21:05:09.05119+05:45	mechi
\.


--
-- Data for Name: django_admin_log; Type: TABLE DATA; Schema: public; Owner: bishal
--

COPY public.django_admin_log (id, action_time, object_id, object_repr, action_flag, change_message, content_type_id, user_id) FROM stdin;
1	2023-03-15 18:29:17.336506+05:45	1	bishal	2	[{"changed": {"fields": ["First name", "Last name"]}}]	4	1
2	2023-03-15 18:54:06.989017+05:45	1	Team object (1)	1	[{"added": {}}]	7	1
3	2023-03-15 18:54:37.886703+05:45	1	Team object (1)	2	[]	7	1
4	2023-03-15 19:03:20.34028+05:45	1	Bishal	2	[{"changed": {"fields": ["Photo"]}}]	7	1
5	2023-03-15 19:03:48.104247+05:45	1	Bishal	2	[]	7	1
6	2023-03-15 19:04:38.039636+05:45	2	sandesh	1	[{"added": {}}]	7	1
7	2023-03-15 19:07:44.953832+05:45	1	Bishal	3		7	1
8	2023-03-15 19:07:53.307853+05:45	2	sandesh	3		7	1
9	2023-03-15 19:08:23.922257+05:45	3	Martin	1	[{"added": {}}]	7	1
10	2023-03-15 19:09:11.286151+05:45	4	Bishal	1	[{"added": {}}]	7	1
11	2023-03-15 19:10:04.219807+05:45	5	john	1	[{"added": {}}]	7	1
12	2023-03-15 19:10:51.983808+05:45	6	Rubby	1	[{"added": {}}]	7	1
13	2023-03-15 19:12:42.464337+05:45	3	Martin	2	[]	7	1
14	2023-03-15 19:13:29.420274+05:45	7	Subin	1	[{"added": {}}]	7	1
15	2023-03-22 10:15:43.633583+05:45	1	car object (1)	1	[{"added": {}}]	8	1
16	2023-03-22 10:21:51.533299+05:45	2	car object (2)	1	[{"added": {}}]	8	1
17	2023-03-22 10:25:46.468616+05:45	3	car object (3)	1	[{"added": {}}]	8	1
18	2023-03-22 10:29:16.72689+05:45	4	car object (4)	1	[{"added": {}}]	8	1
19	2023-03-22 10:32:27.639023+05:45	5	car object (5)	1	[{"added": {}}]	8	1
20	2023-03-22 10:36:43.074607+05:45	5	car object (5)	2	[]	8	1
21	2023-03-22 14:38:08.440927+05:45	5	2018 Toyota 4Runner	2	[{"changed": {"fields": ["Description"]}}]	8	1
22	2023-03-22 14:39:13.35378+05:45	5	2018 Toyota 4Runner	2	[{"changed": {"fields": ["Description"]}}]	8	1
23	2023-03-23 07:21:58.928928+05:45	5	2018 Toyota 4Runner	2	[]	8	1
24	2023-03-23 07:23:23.28164+05:45	5	2018 Toyota 4Runner	2	[]	8	1
25	2023-03-23 07:23:37.559048+05:45	5	2018 Toyota 4Runner	2	[]	8	1
26	2023-03-23 12:04:47.493905+05:45	1	Facebook login	1	[{"added": {}}]	13	1
27	2023-03-23 12:05:59.37252+05:45	1	localhost:8080	2	[{"changed": {"fields": ["Domain name", "Display name"]}}]	9	1
28	2023-03-23 12:36:53.352692+05:45	1	Facebook login	2	[{"changed": {"fields": ["Client id", "Secret key"]}}]	13	1
29	2023-03-23 12:37:28.438736+05:45	1	localhost:8080	2	[]	9	1
30	2023-03-23 13:13:31.364805+05:45	2	google login	1	[{"added": {}}]	13	1
31	2023-03-23 20:30:55.831562+05:45	3	bishu@gmail.com	3		15	1
32	2023-03-23 20:30:55.856961+05:45	2	bishu@gmail.com	3		15	1
33	2023-03-23 20:36:18.207388+05:45	1	bishu@gmail.com	2	[{"changed": {"fields": ["Phone"]}}]	15	1
34	2023-03-23 20:36:31.709245+05:45	1	bishu@gmail.com	2	[{"changed": {"fields": ["Phone"]}}]	15	1
35	2023-03-23 20:48:24.508279+05:45	4	bishal19	2	[]	4	1
\.


--
-- Data for Name: django_content_type; Type: TABLE DATA; Schema: public; Owner: bishal
--

COPY public.django_content_type (id, app_label, model) FROM stdin;
1	admin	logentry
2	auth	permission
3	auth	group
4	auth	user
5	contenttypes	contenttype
6	sessions	session
7	pages	team
8	cars	car
9	sites	site
10	account	emailaddress
11	account	emailconfirmation
12	socialaccount	socialaccount
13	socialaccount	socialapp
14	socialaccount	socialtoken
15	contact	contact
\.


--
-- Data for Name: django_migrations; Type: TABLE DATA; Schema: public; Owner: bishal
--

COPY public.django_migrations (id, app, name, applied) FROM stdin;
1	contenttypes	0001_initial	2023-03-15 18:23:32.810237+05:45
2	auth	0001_initial	2023-03-15 18:23:32.949163+05:45
3	admin	0001_initial	2023-03-15 18:23:33.020272+05:45
4	admin	0002_logentry_remove_auto_add	2023-03-15 18:23:33.096476+05:45
5	admin	0003_logentry_add_action_flag_choices	2023-03-15 18:23:33.128342+05:45
6	contenttypes	0002_remove_content_type_name	2023-03-15 18:23:33.18003+05:45
7	auth	0002_alter_permission_name_max_length	2023-03-15 18:23:33.206519+05:45
8	auth	0003_alter_user_email_max_length	2023-03-15 18:23:33.226984+05:45
9	auth	0004_alter_user_username_opts	2023-03-15 18:23:33.25113+05:45
10	auth	0005_alter_user_last_login_null	2023-03-15 18:23:33.271637+05:45
11	auth	0006_require_contenttypes_0002	2023-03-15 18:23:33.275813+05:45
12	auth	0007_alter_validators_add_error_messages	2023-03-15 18:23:33.293516+05:45
13	auth	0008_alter_user_username_max_length	2023-03-15 18:23:33.322562+05:45
14	auth	0009_alter_user_last_name_max_length	2023-03-15 18:23:33.340281+05:45
15	auth	0010_alter_group_name_max_length	2023-03-15 18:23:33.361958+05:45
16	auth	0011_update_proxy_permissions	2023-03-15 18:23:33.377264+05:45
17	auth	0012_alter_user_first_name_max_length	2023-03-15 18:23:33.394122+05:45
18	sessions	0001_initial	2023-03-15 18:23:33.42068+05:45
19	pages	0001_initial	2023-03-15 18:43:04.559973+05:45
20	pages	0002_rename_teams_team	2023-03-15 18:47:49.489862+05:45
21	cars	0001_initial	2023-03-22 09:10:47.472035+05:45
22	cars	0002_alter_car_doors_alter_car_fuel_type_and_more	2023-03-22 09:15:53.761425+05:45
23	cars	0003_alter_car_description_alter_car_features	2023-03-22 10:14:27.866544+05:45
24	sites	0001_initial	2023-03-23 11:44:27.886074+05:45
25	sites	0002_alter_domain_unique	2023-03-23 11:44:27.901144+05:45
26	account	0001_initial	2023-03-23 11:46:36.169311+05:45
27	account	0002_email_max_length	2023-03-23 11:46:36.19863+05:45
28	socialaccount	0001_initial	2023-03-23 11:46:36.358928+05:45
29	socialaccount	0002_token_max_lengths	2023-03-23 11:46:36.414499+05:45
30	socialaccount	0003_extra_data_default_dict	2023-03-23 11:46:36.43282+05:45
31	contact	0001_initial	2023-03-23 19:27:07.075563+05:45
32	contact	0002_contact_state	2023-03-23 19:32:55.057694+05:45
33	contact	0003_alter_contact_phone	2023-03-30 10:11:05.464179+05:45
\.


--
-- Data for Name: django_session; Type: TABLE DATA; Schema: public; Owner: bishal
--

COPY public.django_session (session_key, session_data, expire_date) FROM stdin;
72my4g5gg40lp08ywis2s7cuvo40wax2	.eJxVjLsOAiEUBf-F2hDeD0t7v4HAhSurBpJltzL-u5Jsoe3MnPMiIe5bDfsoa1gyORNOTr8sRXiUNkW-x3brFHrb1iXRmdDDDnrtuTwvR_t3UOOoc40orLHArUZumXOMeaOUYVFpKb0FyXwC9ChiLgVBGwQHxYjk9RdZ8v4AzPs36w:1pf9mZ:mJ-fng-S6jpT_0eqCRdst8BPKF9nun-2nAi3uRYyofs	2023-04-06 07:15:23.901278+05:45
23u23xauuv8j4jym95np3zfh05gqiu4a	eyJzb2NpYWxhY2NvdW50X3N0YXRlIjpbeyJwcm9jZXNzIjoibG9naW4iLCJzY29wZSI6IiIsImF1dGhfcGFyYW1zIjoiIn0sIlhKdVNGQnFZOWJhMiJdfQ:1pfEP3:xq7tBs1VPtJHa8Y_FUb6z2VgP-ykmcziSgu2iRt3lFs	2023-04-06 12:11:25.922686+05:45
2twixhwxud9dm5yhksflgubxd7crdkob	eyJzb2NpYWxhY2NvdW50X3N0YXRlIjpbeyJwcm9jZXNzIjoibG9naW4iLCJzY29wZSI6IiIsImF1dGhfcGFyYW1zIjoiIn0sImxnZVFaRmlFVWJYNyJdfQ:1pfETv:3WTHNlluWeVjR8CizIFvbcWqvlEVCLmz2CCrMmzZTyU	2023-04-06 12:16:27.78187+05:45
7vflcv6j9wp4apoueqelwrvecl02y9l2	eyJzb2NpYWxhY2NvdW50X3N0YXRlIjpbeyJwcm9jZXNzIjoibG9naW4iLCJzY29wZSI6IiIsImF1dGhfcGFyYW1zIjoiIn0sInRObGhKMUZEZmVmTiJdfQ:1pfEoq:8PISt3Z4EgH1LUYJSYIAjugE33TyTEy-QKgyFKkls9A	2023-04-06 12:38:04.55276+05:45
9mi340tlkw3w3560qss05b6rkmc9yvm6	.eJxVjM0OwiAQhN-Fs2lI-Sl40xchuwsbiA1NhJ6M7y41Pehxvm9mXiLA3nPYW3qGEsVVKHH5ZQj0SPUQsK4HnoBo22ufvp1Tt-k2Uqq9EPSy1fu5-rvK0PL4sTFa5kU5qyRABLKEoFHOPjIukhwqN6NxWls2Xs7oR8sDMSeD5Fi8P-YLPcw:1pfNu2:-U8myfPjHql8AfijDYwjFxUZi4hbs9kWTb3Bn2fqlr8	2023-04-06 22:20:02.678492+05:45
\.


--
-- Data for Name: django_site; Type: TABLE DATA; Schema: public; Owner: bishal
--

COPY public.django_site (id, domain, name) FROM stdin;
1	localhost:8080	localhost:8080
\.


--
-- Data for Name: pages_team; Type: TABLE DATA; Schema: public; Owner: bishal
--

COPY public.pages_team (id, first_name, last_name, desgination, photo, facebook_link, twitter_link, google_plus_link, created_date) FROM stdin;
4	Bishal	murmu	senior developer	photos/23/03/15/avatar-1_LISYluc.jpg	https://facebook.com	https://twitter.com	https://google.com	2023-03-15 19:09:11.281376+05:45
5	john	Roy	Creator	photos/23/03/15/avatar-3.jpg	https://facebook.com	https://twitter.com	https://google.com	2023-03-15 19:10:04.216038+05:45
6	Rubby	doe	Instructor	photos/23/03/15/avatar-4.jpg	https://facebook.com	https://twitter.com	https://google.com	2023-03-15 19:10:51.979872+05:45
3	Martin	smith	software developer	photos/23/03/15/avatar-11_qXW9ROC.jpg	https://facebook.com	https://twitter.com	https://google.com	2023-03-15 19:08:23.920387+05:45
7	Subin	Budathoki	CO_manger	photos/23/03/15/avatar-12.jpg	https://facebook.com	https://twitter.com	https://google.com	2023-03-15 19:13:29.418249+05:45
\.


--
-- Data for Name: socialaccount_socialaccount; Type: TABLE DATA; Schema: public; Owner: bishal
--

COPY public.socialaccount_socialaccount (id, provider, uid, last_login, date_joined, extra_data, user_id) FROM stdin;
2	google	104520308636121197514	2023-03-23 13:35:35.251769+05:45	2023-03-23 13:21:49.052244+05:45	{"iss": "https://accounts.google.com", "azp": "64199287811-o96efk3kvk2d4htqk1hm59sl38fmedej.apps.googleusercontent.com", "aud": "64199287811-o96efk3kvk2d4htqk1hm59sl38fmedej.apps.googleusercontent.com", "sub": "104520308636121197514", "at_hash": "Tlm0mASwK6DwDqtqmZ-1Ow", "name": "Bishal Murmu", "picture": "https://lh3.googleusercontent.com/a/AGNmyxZb3DV6Pc74eYcmuVK0SiffYHywvpHrT82d9TW7=s96-c", "given_name": "Bishal", "family_name": "Murmu", "locale": "en-GB", "iat": 1679557835, "exp": 1679561435}	4
1	facebook	1377607639719541	2023-03-23 22:20:02.635424+05:45	2023-03-23 12:41:10.430741+05:45	{"id": "1377607639719541", "name": "Bishal Murmu", "first_name": "Bishal", "last_name": "Murmu"}	3
\.


--
-- Data for Name: socialaccount_socialapp; Type: TABLE DATA; Schema: public; Owner: bishal
--

COPY public.socialaccount_socialapp (id, provider, name, client_id, secret, key) FROM stdin;
1	facebook	Facebook login	951766956265946	cf63eb7544f7fd906091cb8afefba56c	
2	google	google login	64199287811-o96efk3kvk2d4htqk1hm59sl38fmedej.apps.googleusercontent.com	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	
\.


--
-- Data for Name: socialaccount_socialapp_sites; Type: TABLE DATA; Schema: public; Owner: bishal
--

COPY public.socialaccount_socialapp_sites (id, socialapp_id, site_id) FROM stdin;
1	1	1
2	2	1
\.


--
-- Data for Name: socialaccount_socialtoken; Type: TABLE DATA; Schema: public; Owner: bishal
--

COPY public.socialaccount_socialtoken (id, token, token_secret, expires_at, account_id, app_id) FROM stdin;
\.


--
-- Name: account_emailaddress_id_seq; Type: SEQUENCE SET; Schema: public; Owner: bishal
--

SELECT pg_catalog.setval('public.account_emailaddress_id_seq', 1, false);


--
-- Name: account_emailconfirmation_id_seq; Type: SEQUENCE SET; Schema: public; Owner: bishal
--

SELECT pg_catalog.setval('public.account_emailconfirmation_id_seq', 1, false);


--
-- Name: auth_group_id_seq; Type: SEQUENCE SET; Schema: public; Owner: bishal
--

SELECT pg_catalog.setval('public.auth_group_id_seq', 1, false);


--
-- Name: auth_group_permissions_id_seq; Type: SEQUENCE SET; Schema: public; Owner: bishal
--

SELECT pg_catalog.setval('public.auth_group_permissions_id_seq', 1, false);


--
-- Name: auth_permission_id_seq; Type: SEQUENCE SET; Schema: public; Owner: bishal
--

SELECT pg_catalog.setval('public.auth_permission_id_seq', 64, true);


--
-- Name: auth_user_groups_id_seq; Type: SEQUENCE SET; Schema: public; Owner: bishal
--

SELECT pg_catalog.setval('public.auth_user_groups_id_seq', 1, false);


--
-- Name: auth_user_id_seq; Type: SEQUENCE SET; Schema: public; Owner: bishal
--

SELECT pg_catalog.setval('public.auth_user_id_seq', 4, true);


--
-- Name: auth_user_user_permissions_id_seq; Type: SEQUENCE SET; Schema: public; Owner: bishal
--

SELECT pg_catalog.setval('public.auth_user_user_permissions_id_seq', 1, false);


--
-- Name: cars_car_id_seq; Type: SEQUENCE SET; Schema: public; Owner: bishal
--

SELECT pg_catalog.setval('public.cars_car_id_seq', 5, true);


--
-- Name: contact_contact_id_seq; Type: SEQUENCE SET; Schema: public; Owner: bishal
--

SELECT pg_catalog.setval('public.contact_contact_id_seq', 4, true);


--
-- Name: django_admin_log_id_seq; Type: SEQUENCE SET; Schema: public; Owner: bishal
--

SELECT pg_catalog.setval('public.django_admin_log_id_seq', 35, true);


--
-- Name: django_content_type_id_seq; Type: SEQUENCE SET; Schema: public; Owner: bishal
--

SELECT pg_catalog.setval('public.django_content_type_id_seq', 15, true);


--
-- Name: django_migrations_id_seq; Type: SEQUENCE SET; Schema: public; Owner: bishal
--

SELECT pg_catalog.setval('public.django_migrations_id_seq', 33, true);


--
-- Name: django_site_id_seq; Type: SEQUENCE SET; Schema: public; Owner: bishal
--

SELECT pg_catalog.setval('public.django_site_id_seq', 1, true);


--
-- Name: pages_teams_id_seq; Type: SEQUENCE SET; Schema: public; Owner: bishal
--

SELECT pg_catalog.setval('public.pages_teams_id_seq', 7, true);


--
-- Name: socialaccount_socialaccount_id_seq; Type: SEQUENCE SET; Schema: public; Owner: bishal
--

SELECT pg_catalog.setval('public.socialaccount_socialaccount_id_seq', 2, true);


--
-- Name: socialaccount_socialapp_id_seq; Type: SEQUENCE SET; Schema: public; Owner: bishal
--

SELECT pg_catalog.setval('public.socialaccount_socialapp_id_seq', 2, true);


--
-- Name: socialaccount_socialapp_sites_id_seq; Type: SEQUENCE SET; Schema: public; Owner: bishal
--

SELECT pg_catalog.setval('public.socialaccount_socialapp_sites_id_seq', 2, true);


--
-- Name: socialaccount_socialtoken_id_seq; Type: SEQUENCE SET; Schema: public; Owner: bishal
--

SELECT pg_catalog.setval('public.socialaccount_socialtoken_id_seq', 1, false);


--
-- Name: account_emailaddress account_emailaddress_email_key; Type: CONSTRAINT; Schema: public; Owner: bishal
--

ALTER TABLE ONLY public.account_emailaddress
    ADD CONSTRAINT account_emailaddress_email_key UNIQUE (email);


--
-- Name: account_emailaddress account_emailaddress_pkey; Type: CONSTRAINT; Schema: public; Owner: bishal
--

ALTER TABLE ONLY public.account_emailaddress
    ADD CONSTRAINT account_emailaddress_pkey PRIMARY KEY (id);


--
-- Name: account_emailconfirmation account_emailconfirmation_key_key; Type: CONSTRAINT; Schema: public; Owner: bishal
--

ALTER TABLE ONLY public.account_emailconfirmation
    ADD CONSTRAINT account_emailconfirmation_key_key UNIQUE (key);


--
-- Name: account_emailconfirmation account_emailconfirmation_pkey; Type: CONSTRAINT; Schema: public; Owner: bishal
--

ALTER TABLE ONLY public.account_emailconfirmation
    ADD CONSTRAINT account_emailconfirmation_pkey PRIMARY KEY (id);


--
-- Name: auth_group auth_group_name_key; Type: CONSTRAINT; Schema: public; Owner: bishal
--

ALTER TABLE ONLY public.auth_group
    ADD CONSTRAINT auth_group_name_key UNIQUE (name);


--
-- Name: auth_group_permissions auth_group_permissions_group_id_permission_id_0cd325b0_uniq; Type: CONSTRAINT; Schema: public; Owner: bishal
--

ALTER TABLE ONLY public.auth_group_permissions
    ADD CONSTRAINT auth_group_permissions_group_id_permission_id_0cd325b0_uniq UNIQUE (group_id, permission_id);


--
-- Name: auth_group_permissions auth_group_permissions_pkey; Type: CONSTRAINT; Schema: public; Owner: bishal
--

ALTER TABLE ONLY public.auth_group_permissions
    ADD CONSTRAINT auth_group_permissions_pkey PRIMARY KEY (id);


--
-- Name: auth_group auth_group_pkey; Type: CONSTRAINT; Schema: public; Owner: bishal
--

ALTER TABLE ONLY public.auth_group
    ADD CONSTRAINT auth_group_pkey PRIMARY KEY (id);


--
-- Name: auth_permission auth_permission_content_type_id_codename_01ab375a_uniq; Type: CONSTRAINT; Schema: public; Owner: bishal
--

ALTER TABLE ONLY public.auth_permission
    ADD CONSTRAINT auth_permission_content_type_id_codename_01ab375a_uniq UNIQUE (content_type_id, codename);


--
-- Name: auth_permission auth_permission_pkey; Type: CONSTRAINT; Schema: public; Owner: bishal
--

ALTER TABLE ONLY public.auth_permission
    ADD CONSTRAINT auth_permission_pkey PRIMARY KEY (id);


--
-- Name: auth_user_groups auth_user_groups_pkey; Type: CONSTRAINT; Schema: public; Owner: bishal
--

ALTER TABLE ONLY public.auth_user_groups
    ADD CONSTRAINT auth_user_groups_pkey PRIMARY KEY (id);


--
-- Name: auth_user_groups auth_user_groups_user_id_group_id_94350c0c_uniq; Type: CONSTRAINT; Schema: public; Owner: bishal
--

ALTER TABLE ONLY public.auth_user_groups
    ADD CONSTRAINT auth_user_groups_user_id_group_id_94350c0c_uniq UNIQUE (user_id, group_id);


--
-- Name: auth_user auth_user_pkey; Type: CONSTRAINT; Schema: public; Owner: bishal
--

ALTER TABLE ONLY public.auth_user
    ADD CONSTRAINT auth_user_pkey PRIMARY KEY (id);


--
-- Name: auth_user_user_permissions auth_user_user_permissions_pkey; Type: CONSTRAINT; Schema: public; Owner: bishal
--

ALTER TABLE ONLY public.auth_user_user_permissions
    ADD CONSTRAINT auth_user_user_permissions_pkey PRIMARY KEY (id);


--
-- Name: auth_user_user_permissions auth_user_user_permissions_user_id_permission_id_14a6b632_uniq; Type: CONSTRAINT; Schema: public; Owner: bishal
--

ALTER TABLE ONLY public.auth_user_user_permissions
    ADD CONSTRAINT auth_user_user_permissions_user_id_permission_id_14a6b632_uniq UNIQUE (user_id, permission_id);


--
-- Name: auth_user auth_user_username_key; Type: CONSTRAINT; Schema: public; Owner: bishal
--

ALTER TABLE ONLY public.auth_user
    ADD CONSTRAINT auth_user_username_key UNIQUE (username);


--
-- Name: cars_car cars_car_pkey; Type: CONSTRAINT; Schema: public; Owner: bishal
--

ALTER TABLE ONLY public.cars_car
    ADD CONSTRAINT cars_car_pkey PRIMARY KEY (id);


--
-- Name: contact_contact contact_contact_pkey; Type: CONSTRAINT; Schema: public; Owner: bishal
--

ALTER TABLE ONLY public.contact_contact
    ADD CONSTRAINT contact_contact_pkey PRIMARY KEY (id);


--
-- Name: django_admin_log django_admin_log_pkey; Type: CONSTRAINT; Schema: public; Owner: bishal
--

ALTER TABLE ONLY public.django_admin_log
    ADD CONSTRAINT django_admin_log_pkey PRIMARY KEY (id);


--
-- Name: django_content_type django_content_type_app_label_model_76bd3d3b_uniq; Type: CONSTRAINT; Schema: public; Owner: bishal
--

ALTER TABLE ONLY public.django_content_type
    ADD CONSTRAINT django_content_type_app_label_model_76bd3d3b_uniq UNIQUE (app_label, model);


--
-- Name: django_content_type django_content_type_pkey; Type: CONSTRAINT; Schema: public; Owner: bishal
--

ALTER TABLE ONLY public.django_content_type
    ADD CONSTRAINT django_content_type_pkey PRIMARY KEY (id);


--
-- Name: django_migrations django_migrations_pkey; Type: CONSTRAINT; Schema: public; Owner: bishal
--

ALTER TABLE ONLY public.django_migrations
    ADD CONSTRAINT django_migrations_pkey PRIMARY KEY (id);


--
-- Name: django_session django_session_pkey; Type: CONSTRAINT; Schema: public; Owner: bishal
--

ALTER TABLE ONLY public.django_session
    ADD CONSTRAINT django_session_pkey PRIMARY KEY (session_key);


--
-- Name: django_site django_site_domain_a2e37b91_uniq; Type: CONSTRAINT; Schema: public; Owner: bishal
--

ALTER TABLE ONLY public.django_site
    ADD CONSTRAINT django_site_domain_a2e37b91_uniq UNIQUE (domain);


--
-- Name: django_site django_site_pkey; Type: CONSTRAINT; Schema: public; Owner: bishal
--

ALTER TABLE ONLY public.django_site
    ADD CONSTRAINT django_site_pkey PRIMARY KEY (id);


--
-- Name: pages_team pages_teams_pkey; Type: CONSTRAINT; Schema: public; Owner: bishal
--

ALTER TABLE ONLY public.pages_team
    ADD CONSTRAINT pages_teams_pkey PRIMARY KEY (id);


--
-- Name: socialaccount_socialaccount socialaccount_socialaccount_pkey; Type: CONSTRAINT; Schema: public; Owner: bishal
--

ALTER TABLE ONLY public.socialaccount_socialaccount
    ADD CONSTRAINT socialaccount_socialaccount_pkey PRIMARY KEY (id);


--
-- Name: socialaccount_socialaccount socialaccount_socialaccount_provider_uid_fc810c6e_uniq; Type: CONSTRAINT; Schema: public; Owner: bishal
--

ALTER TABLE ONLY public.socialaccount_socialaccount
    ADD CONSTRAINT socialaccount_socialaccount_provider_uid_fc810c6e_uniq UNIQUE (provider, uid);


--
-- Name: socialaccount_socialapp_sites socialaccount_socialapp__socialapp_id_site_id_71a9a768_uniq; Type: CONSTRAINT; Schema: public; Owner: bishal
--

ALTER TABLE ONLY public.socialaccount_socialapp_sites
    ADD CONSTRAINT socialaccount_socialapp__socialapp_id_site_id_71a9a768_uniq UNIQUE (socialapp_id, site_id);


--
-- Name: socialaccount_socialapp socialaccount_socialapp_pkey; Type: CONSTRAINT; Schema: public; Owner: bishal
--

ALTER TABLE ONLY public.socialaccount_socialapp
    ADD CONSTRAINT socialaccount_socialapp_pkey PRIMARY KEY (id);


--
-- Name: socialaccount_socialapp_sites socialaccount_socialapp_sites_pkey; Type: CONSTRAINT; Schema: public; Owner: bishal
--

ALTER TABLE ONLY public.socialaccount_socialapp_sites
    ADD CONSTRAINT socialaccount_socialapp_sites_pkey PRIMARY KEY (id);


--
-- Name: socialaccount_socialtoken socialaccount_socialtoken_app_id_account_id_fca4e0ac_uniq; Type: CONSTRAINT; Schema: public; Owner: bishal
--

ALTER TABLE ONLY public.socialaccount_socialtoken
    ADD CONSTRAINT socialaccount_socialtoken_app_id_account_id_fca4e0ac_uniq UNIQUE (app_id, account_id);


--
-- Name: socialaccount_socialtoken socialaccount_socialtoken_pkey; Type: CONSTRAINT; Schema: public; Owner: bishal
--

ALTER TABLE ONLY public.socialaccount_socialtoken
    ADD CONSTRAINT socialaccount_socialtoken_pkey PRIMARY KEY (id);


--
-- Name: account_emailaddress_email_03be32b2_like; Type: INDEX; Schema: public; Owner: bishal
--

CREATE INDEX account_emailaddress_email_03be32b2_like ON public.account_emailaddress USING btree (email varchar_pattern_ops);


--
-- Name: account_emailaddress_user_id_2c513194; Type: INDEX; Schema: public; Owner: bishal
--

CREATE INDEX account_emailaddress_user_id_2c513194 ON public.account_emailaddress USING btree (user_id);


--
-- Name: account_emailconfirmation_email_address_id_5b7f8c58; Type: INDEX; Schema: public; Owner: bishal
--

CREATE INDEX account_emailconfirmation_email_address_id_5b7f8c58 ON public.account_emailconfirmation USING btree (email_address_id);


--
-- Name: account_emailconfirmation_key_f43612bd_like; Type: INDEX; Schema: public; Owner: bishal
--

CREATE INDEX account_emailconfirmation_key_f43612bd_like ON public.account_emailconfirmation USING btree (key varchar_pattern_ops);


--
-- Name: auth_group_name_a6ea08ec_like; Type: INDEX; Schema: public; Owner: bishal
--

CREATE INDEX auth_group_name_a6ea08ec_like ON public.auth_group USING btree (name varchar_pattern_ops);


--
-- Name: auth_group_permissions_group_id_b120cbf9; Type: INDEX; Schema: public; Owner: bishal
--

CREATE INDEX auth_group_permissions_group_id_b120cbf9 ON public.auth_group_permissions USING btree (group_id);


--
-- Name: auth_group_permissions_permission_id_84c5c92e; Type: INDEX; Schema: public; Owner: bishal
--

CREATE INDEX auth_group_permissions_permission_id_84c5c92e ON public.auth_group_permissions USING btree (permission_id);


--
-- Name: auth_permission_content_type_id_2f476e4b; Type: INDEX; Schema: public; Owner: bishal
--

CREATE INDEX auth_permission_content_type_id_2f476e4b ON public.auth_permission USING btree (content_type_id);


--
-- Name: auth_user_groups_group_id_97559544; Type: INDEX; Schema: public; Owner: bishal
--

CREATE INDEX auth_user_groups_group_id_97559544 ON public.auth_user_groups USING btree (group_id);


--
-- Name: auth_user_groups_user_id_6a12ed8b; Type: INDEX; Schema: public; Owner: bishal
--

CREATE INDEX auth_user_groups_user_id_6a12ed8b ON public.auth_user_groups USING btree (user_id);


--
-- Name: auth_user_user_permissions_permission_id_1fbb5f2c; Type: INDEX; Schema: public; Owner: bishal
--

CREATE INDEX auth_user_user_permissions_permission_id_1fbb5f2c ON public.auth_user_user_permissions USING btree (permission_id);


--
-- Name: auth_user_user_permissions_user_id_a95ead1b; Type: INDEX; Schema: public; Owner: bishal
--

CREATE INDEX auth_user_user_permissions_user_id_a95ead1b ON public.auth_user_user_permissions USING btree (user_id);


--
-- Name: auth_user_username_6821ab7c_like; Type: INDEX; Schema: public; Owner: bishal
--

CREATE INDEX auth_user_username_6821ab7c_like ON public.auth_user USING btree (username varchar_pattern_ops);


--
-- Name: django_admin_log_content_type_id_c4bce8eb; Type: INDEX; Schema: public; Owner: bishal
--

CREATE INDEX django_admin_log_content_type_id_c4bce8eb ON public.django_admin_log USING btree (content_type_id);


--
-- Name: django_admin_log_user_id_c564eba6; Type: INDEX; Schema: public; Owner: bishal
--

CREATE INDEX django_admin_log_user_id_c564eba6 ON public.django_admin_log USING btree (user_id);


--
-- Name: django_session_expire_date_a5c62663; Type: INDEX; Schema: public; Owner: bishal
--

CREATE INDEX django_session_expire_date_a5c62663 ON public.django_session USING btree (expire_date);


--
-- Name: django_session_session_key_c0390e0f_like; Type: INDEX; Schema: public; Owner: bishal
--

CREATE INDEX django_session_session_key_c0390e0f_like ON public.django_session USING btree (session_key varchar_pattern_ops);


--
-- Name: django_site_domain_a2e37b91_like; Type: INDEX; Schema: public; Owner: bishal
--

CREATE INDEX django_site_domain_a2e37b91_like ON public.django_site USING btree (domain varchar_pattern_ops);


--
-- Name: socialaccount_socialaccount_user_id_8146e70c; Type: INDEX; Schema: public; Owner: bishal
--

CREATE INDEX socialaccount_socialaccount_user_id_8146e70c ON public.socialaccount_socialaccount USING btree (user_id);


--
-- Name: socialaccount_socialapp_sites_site_id_2579dee5; Type: INDEX; Schema: public; Owner: bishal
--

CREATE INDEX socialaccount_socialapp_sites_site_id_2579dee5 ON public.socialaccount_socialapp_sites USING btree (site_id);


--
-- Name: socialaccount_socialapp_sites_socialapp_id_97fb6e7d; Type: INDEX; Schema: public; Owner: bishal
--

CREATE INDEX socialaccount_socialapp_sites_socialapp_id_97fb6e7d ON public.socialaccount_socialapp_sites USING btree (socialapp_id);


--
-- Name: socialaccount_socialtoken_account_id_951f210e; Type: INDEX; Schema: public; Owner: bishal
--

CREATE INDEX socialaccount_socialtoken_account_id_951f210e ON public.socialaccount_socialtoken USING btree (account_id);


--
-- Name: socialaccount_socialtoken_app_id_636a42d7; Type: INDEX; Schema: public; Owner: bishal
--

CREATE INDEX socialaccount_socialtoken_app_id_636a42d7 ON public.socialaccount_socialtoken USING btree (app_id);


--
-- Name: account_emailaddress account_emailaddress_user_id_2c513194_fk_auth_user_id; Type: FK CONSTRAINT; Schema: public; Owner: bishal
--

ALTER TABLE ONLY public.account_emailaddress
    ADD CONSTRAINT account_emailaddress_user_id_2c513194_fk_auth_user_id FOREIGN KEY (user_id) REFERENCES public.auth_user(id) DEFERRABLE INITIALLY DEFERRED;


--
-- Name: account_emailconfirmation account_emailconfirm_email_address_id_5b7f8c58_fk_account_e; Type: FK CONSTRAINT; Schema: public; Owner: bishal
--

ALTER TABLE ONLY public.account_emailconfirmation
    ADD CONSTRAINT account_emailconfirm_email_address_id_5b7f8c58_fk_account_e FOREIGN KEY (email_address_id) REFERENCES public.account_emailaddress(id) DEFERRABLE INITIALLY DEFERRED;


--
-- Name: auth_group_permissions auth_group_permissio_permission_id_84c5c92e_fk_auth_perm; Type: FK CONSTRAINT; Schema: public; Owner: bishal
--

ALTER TABLE ONLY public.auth_group_permissions
    ADD CONSTRAINT auth_group_permissio_permission_id_84c5c92e_fk_auth_perm FOREIGN KEY (permission_id) REFERENCES public.auth_permission(id) DEFERRABLE INITIALLY DEFERRED;


--
-- Name: auth_group_permissions auth_group_permissions_group_id_b120cbf9_fk_auth_group_id; Type: FK CONSTRAINT; Schema: public; Owner: bishal
--

ALTER TABLE ONLY public.auth_group_permissions
    ADD CONSTRAINT auth_group_permissions_group_id_b120cbf9_fk_auth_group_id FOREIGN KEY (group_id) REFERENCES public.auth_group(id) DEFERRABLE INITIALLY DEFERRED;


--
-- Name: auth_permission auth_permission_content_type_id_2f476e4b_fk_django_co; Type: FK CONSTRAINT; Schema: public; Owner: bishal
--

ALTER TABLE ONLY public.auth_permission
    ADD CONSTRAINT auth_permission_content_type_id_2f476e4b_fk_django_co FOREIGN KEY (content_type_id) REFERENCES public.django_content_type(id) DEFERRABLE INITIALLY DEFERRED;


--
-- Name: auth_user_groups auth_user_groups_group_id_97559544_fk_auth_group_id; Type: FK CONSTRAINT; Schema: public; Owner: bishal
--

ALTER TABLE ONLY public.auth_user_groups
    ADD CONSTRAINT auth_user_groups_group_id_97559544_fk_auth_group_id FOREIGN KEY (group_id) REFERENCES public.auth_group(id) DEFERRABLE INITIALLY DEFERRED;


--
-- Name: auth_user_groups auth_user_groups_user_id_6a12ed8b_fk_auth_user_id; Type: FK CONSTRAINT; Schema: public; Owner: bishal
--

ALTER TABLE ONLY public.auth_user_groups
    ADD CONSTRAINT auth_user_groups_user_id_6a12ed8b_fk_auth_user_id FOREIGN KEY (user_id) REFERENCES public.auth_user(id) DEFERRABLE INITIALLY DEFERRED;


--
-- Name: auth_user_user_permissions auth_user_user_permi_permission_id_1fbb5f2c_fk_auth_perm; Type: FK CONSTRAINT; Schema: public; Owner: bishal
--

ALTER TABLE ONLY public.auth_user_user_permissions
    ADD CONSTRAINT auth_user_user_permi_permission_id_1fbb5f2c_fk_auth_perm FOREIGN KEY (permission_id) REFERENCES public.auth_permission(id) DEFERRABLE INITIALLY DEFERRED;


--
-- Name: auth_user_user_permissions auth_user_user_permissions_user_id_a95ead1b_fk_auth_user_id; Type: FK CONSTRAINT; Schema: public; Owner: bishal
--

ALTER TABLE ONLY public.auth_user_user_permissions
    ADD CONSTRAINT auth_user_user_permissions_user_id_a95ead1b_fk_auth_user_id FOREIGN KEY (user_id) REFERENCES public.auth_user(id) DEFERRABLE INITIALLY DEFERRED;


--
-- Name: django_admin_log django_admin_log_content_type_id_c4bce8eb_fk_django_co; Type: FK CONSTRAINT; Schema: public; Owner: bishal
--

ALTER TABLE ONLY public.django_admin_log
    ADD CONSTRAINT django_admin_log_content_type_id_c4bce8eb_fk_django_co FOREIGN KEY (content_type_id) REFERENCES public.django_content_type(id) DEFERRABLE INITIALLY DEFERRED;


--
-- Name: django_admin_log django_admin_log_user_id_c564eba6_fk_auth_user_id; Type: FK CONSTRAINT; Schema: public; Owner: bishal
--

ALTER TABLE ONLY public.django_admin_log
    ADD CONSTRAINT django_admin_log_user_id_c564eba6_fk_auth_user_id FOREIGN KEY (user_id) REFERENCES public.auth_user(id) DEFERRABLE INITIALLY DEFERRED;


--
-- Name: socialaccount_socialtoken socialaccount_social_account_id_951f210e_fk_socialacc; Type: FK CONSTRAINT; Schema: public; Owner: bishal
--

ALTER TABLE ONLY public.socialaccount_socialtoken
    ADD CONSTRAINT socialaccount_social_account_id_951f210e_fk_socialacc FOREIGN KEY (account_id) REFERENCES public.socialaccount_socialaccount(id) DEFERRABLE INITIALLY DEFERRED;


--
-- Name: socialaccount_socialtoken socialaccount_social_app_id_636a42d7_fk_socialacc; Type: FK CONSTRAINT; Schema: public; Owner: bishal
--

ALTER TABLE ONLY public.socialaccount_socialtoken
    ADD CONSTRAINT socialaccount_social_app_id_636a42d7_fk_socialacc FOREIGN KEY (app_id) REFERENCES public.socialaccount_socialapp(id) DEFERRABLE INITIALLY DEFERRED;


--
-- Name: socialaccount_socialapp_sites socialaccount_social_site_id_2579dee5_fk_django_si; Type: FK CONSTRAINT; Schema: public; Owner: bishal
--

ALTER TABLE ONLY public.socialaccount_socialapp_sites
    ADD CONSTRAINT socialaccount_social_site_id_2579dee5_fk_django_si FOREIGN KEY (site_id) REFERENCES public.django_site(id) DEFERRABLE INITIALLY DEFERRED;


--
-- Name: socialaccount_socialapp_sites socialaccount_social_socialapp_id_97fb6e7d_fk_socialacc; Type: FK CONSTRAINT; Schema: public; Owner: bishal
--

ALTER TABLE ONLY public.socialaccount_socialapp_sites
    ADD CONSTRAINT socialaccount_social_socialapp_id_97fb6e7d_fk_socialacc FOREIGN KEY (socialapp_id) REFERENCES public.socialaccount_socialapp(id) DEFERRABLE INITIALLY DEFERRED;


--
-- Name: socialaccount_socialaccount socialaccount_socialaccount_user_id_8146e70c_fk_auth_user_id; Type: FK CONSTRAINT; Schema: public; Owner: bishal
--

ALTER TABLE ONLY public.socialaccount_socialaccount
    ADD CONSTRAINT socialaccount_socialaccount_user_id_8146e70c_fk_auth_user_id FOREIGN KEY (user_id) REFERENCES public.auth_user(id) DEFERRABLE INITIALLY DEFERRED;


--
-- PostgreSQL database dump complete
--

